Nom;Prenom;Adresse;Ville;CodePostal;Tel1;Tel2;Tel3
TREMBLAY;JEAN-PHILIPPE;11263 PLOUFFE;MONTREAL;H3B6F2;514-894-1001;450-894-2001;514-894-3001
GAGNON;BENOIT;4354 COUTURE;LONGUEUIL;J3D6H8;514-894-1002;450-894-2002;514-894-3002
ROY;MARIE;4901 MCNEIL;MONTREAL;H9F2N5;514-894-1003;450-894-2003;514-894-3003
BOURGEOIS;DANIEL;4360 CHARBONNEAU;MONTREAL;H7Y2S4;514-894-1004;450-894-2004;514-894-3004
BOUCHARD;NICOLAS;1428 BARON;MONTREAL;H2K3J6;514-894-1005;450-894-2005;514-894-3005
GAUTHIER;GUILLAUME;1425 LAVOIE;LAVAL;J4K6N2;514-894-1006;450-894-2006;514-894-3006
MORIN;JONATAN;4546 GIROUARD;MONTREAL;H1U7F7;514-894-1007;450-894-2007;514-894-3007
LAVOIE;PHILIPPE;1426 LAZARESCU;LAVAL;J3U6A1;514-894-1008;450-894-2008;514-894-3008
FORTIN;JEAN-PIERRE;122 RATELLE;LONGUEUIL;J8G2G5;514-894-1009;450-894-2009;514-894-3009
LAFRANCE;KEVIN;4429 GUERIN;MONTREAL;H2N5G6;514-894-1010;450-894-2010;514-894-3010
ORSINI;SIMON;1223 PAINSON;ST-LAURENT;H4G0N3;514-894-1011;450-894-2011;514-894-3011
PELLETIER;PHILIPPE;654 MIMEAULT;ST-LAURENT;H5N7V3;514-894-1012;450-894-2012;514-894-3012
RIVEST;DANIEL;4357 BERUBE;MONTREAL;H5F6G7;514-894-1013;450-894-2013;514-894-3013
BROCHU;SOTHY;12 ROY;MONTREAL;H5J8G4;514-894-1014;450-894-2014;514-894-3014
BERGERON;TRISTAN;12 GUINDON;MONTREAL;H2K3J6;514-894-1015;450-894-2015;514-894-3015
LEBLANC;JORDAN;10265 FERRON;MONTREAL;H5J8G4;514-894-1016;450-894-2016;514-894-3016
PAQUETTE;ERIC;4356 LACHANCE;LONGUEUIL;J3D5G7;514-894-1017;450-894-2017;514-894-3017
GIRARD;ANNIE;1258 QUESNEL;VERDUN;H8U4F6;514-894-1018;450-894-2018;514-894-3018
SIMARD;MICHEL;4355 VERONNEAU;LONGUEUIL;J2A9F3;514-894-1019;450-894-2019;514-894-3019
BOUCHER;JEAN-PHILIPPE;2345 ST-MARTIN;BOUCHEVILLE;J7S3D3;514-894-1020;450-894-2020;514-894-3020
CARON;DANIEL;3323 NGUYEN;MONTREAL;H5J8G4;514-894-1021;450-894-2021;514-894-3021
BEAULIEU;SAMUEL;11259 HARVEY;MONTREAL;H4B6F2;514-894-1022;450-894-2022;514-894-3022
CLOUTIER;FREDERIK;4430 THIBEAULT;LAVAL;J5J8G4;514-894-1023;450-894-2023;514-894-3023
SAMSON;ETIENNE;11260 TREPANIER;MONTREAL;H1M50P;514-894-1024;450-894-2024;514-894-3024
POIRIER;GENEVIEVE;4361 AUTEUIL;MONTREAL;H1S6J8;514-894-1025;450-894-2025;514-894-3025
FOURNIER;JONATHAN;4428 GAUTHIER;MONTREAL;H9G2G5;514-894-1026;450-894-2026;514-894-3026
LAPOINTE;NOEMIE;3327 MERZIUS;MONTREAL;H6R6L2;514-894-1027;450-894-2027;514-894-3027
LECLERC;JULIE;1424 PIOGER;MONTREAL;H6B4E2;514-894-1028;450-894-2028;514-894-3028
LEFEBVRE;ARTHUR;1429 HUARD;LAVAL;J4M50P;514-894-1029;450-894-2029;514-894-3029
POULIN;MARC;3320 KALOMBO;LAVAL;J7N5G6;514-894-1030;450-894-2030;514-894-3030
THIBAULT;DOMINIC;3321 KHALIL;LAVAL;H1U7F7;514-894-1031;450-894-2031;514-894-3031
ST-PIERRE;OLIVIER;4356 LACHANCE;LONGUEUIL;J9H2N7;514-894-1032;450-894-2032;514-894-3032
NADEAU;KEVIN;4358 VILLA;LONGUEUIL;J2F7H2;514-894-1033;450-894-2033;514-894-3033
MARTIN;SEBASTIEN;1427 MORSE;MONTREAL;H2F4V6;514-894-1034;450-894-2034;514-894-3034
LANDRY;DAVID;122 RATELLE;LONGUEUIL;J2S3D2;514-894-1035;450-894-2035;514-894-3035
MARTEL;PASCAL;3322 NADEAU;ST-LAURENT;H3B6F2;514-894-1036;450-894-2036;514-894-3036
LAURIN;CYNTHIA;6789 TOURVILLE;LAVAL;J9N1F5;514-894-1037;450-894-2037;514-894-3037
GRENIER;MATHIEU;599 JEUNE;BOUCHEVILLE;J9G2G5;514-894-1038;450-894-2038;514-894-3038
LESSARD;YANNICK;4359 RACINE;ST-LAURENT;H8J8J8;514-894-1039;450-894-2039;514-894-3039
BERNIER;ANTHONY;4900 BISSON;MONTREAL;H1U7F7;514-894-1040;450-894-2040;514-894-3040
RICHARD;DANIEL;11263 PLOUFFE;MONTREAL;H3B6F2;514-894-1041;450-894-2041;514-894-3041
MICHAUD;ALAIN;4354 COUTURE;LONGUEUIL;J3D6H8;514-894-1042;450-894-2042;514-894-3042
DOYON;PAUL;4901 MCNEIL;MONTREAL;H9F2N5;514-894-1043;450-894-2043;514-894-3043
TREMBLAY;JEAN-MARC;4360 CHARBONNEAU;MONTREAL;H7Y2S4;514-894-1044;450-894-2044;514-894-3044
COUTURE;DANIEL;1428 BARON;MONTREAL;H2K3J6;514-894-1045;450-894-2045;514-894-3045
TURCOTTE;SAMUEL;1425 LAVOIE;LAVAL;J4K6N2;514-894-1046;450-894-2046;514-894-3046
LACHANCE;FREDERIK;4546 GIROUARD;MONTREAL;H1U7F7;514-894-1047;450-894-2047;514-894-3047
PARENT;ETIENNE;1426 LAZARESCU;LAVAL;J3U6A1;514-894-1048;450-894-2048;514-894-3048
BLAIS;GENEVIEVE;122 RATELLE;LONGUEUIL;J8G2G5;514-894-1049;450-894-2049;514-894-3049
GOSSELIN;JONATHAN;4429 GUERIN;MONTREAL;H2N5G6;514-894-1050;450-894-2050;514-894-3050
SAVARD;DANIEL;1223 PAINSON;ST-LAURENT;H4G0N3;514-894-1051;450-894-2051;514-894-3051
PROULX;JULIE;654 MIMEAULT;ST-LAURENT;H5N7V3;514-894-1052;450-894-2052;514-894-3052
BEAUDOIN;JONATHAN;4357 BERUBE;MONTREAL;H5F6G7;514-894-1053;450-894-2053;514-894-3053
DEMERS;NOEMIE;12 ROY;MONTREAL;H5J8G4;514-894-1054;450-894-2054;514-894-3054
PERREAULT;JULIE;12 GUINDON;MONTREAL;H2K3J6;514-894-1055;450-894-2055;514-894-3055
BOUDREAU;ARTHUR;10265 FERRON;MONTREAL;H5J8G4;514-894-1056;450-894-2056;514-894-3056
LEMIEUX;MARC;4356 LACHANCE;LONGUEUIL;J3D5G7;514-894-1057;450-894-2057;514-894-3057
SAVARD;DANIELLE;1258 QUESNEL;VERDUN;H8U4F6;514-894-1058;450-894-2058;514-894-3058
PERRON;BENOIT;4355 VERONNEAU;LONGUEUIL;J2A9F3;514-894-1059;450-894-2059;514-894-3059
DUFOUR;MARIE;2345 ST-MARTIN;BOUCHEVILLE;J7S3D3;514-894-1060;450-894-2060;514-894-3060
DION;DANIEL;3323 NGUYEN;MONTREAL;H5J8G4;514-894-1061;450-894-2061;514-894-3061
MERCIER;NICOLAS;11259 HARVEY;MONTREAL;H4B6F2;514-894-1062;450-894-2062;514-894-3062
BOLDUC;GUILLAUME;4430 THIBEAULT;LAVAL;J5J8G4;514-894-1063;450-894-2063;514-894-3063
GRONDIN;JONATAN;11260 TREPANIER;MONTREAL;H1M50P;514-894-1064;450-894-2064;514-894-3064
BOISVERT;PHILIPPE;4361 AUTEUIL;MONTREAL;H1S6J8;514-894-1065;450-894-2065;514-894-3065
LANGLOIS;JEAN-PIERRE;4428 GAUTHIER;MONTREAL;H9G2G5;514-894-1066;450-894-2066;514-894-3066
LAFLEUR;BENOIT;3327 MERZIUS;MONTREAL;H6R6L2;514-894-1067;450-894-2067;514-894-3067
THERRIEN;MARIE;1424 PIOGER;MONTREAL;H6B4E2;514-894-1068;450-894-2068;514-894-3068
PLANTE;DANIEL;1429 HUARD;LAVAL;J4M50P;514-894-1069;450-894-2069;514-894-3069
BILODEAU;NICOLAS;3320 KALOMBO;LAVAL;J7N5G6;514-894-1070;450-894-2070;514-894-3070
BLANCHETTE;GUILLAUME;3321 KHALIL;LAVAL;H1U7F7;514-894-1071;450-894-2071;514-894-3071
DUBOIS;JONATAN;4356 LACHANCE;LONGUEUIL;J9H2N7;514-894-1072;450-894-2072;514-894-3072
CHAMPAGNE;PHILIPPE;4358 VILLA;LONGUEUIL;J2F7H2;514-894-1073;450-894-2073;514-894-3073
PARADIS;JEAN-PIERRE;1427 MORSE;MONTREAL;H2F4V6;514-894-1074;450-894-2074;514-894-3074
FORTIER;SOPHIE;122 RATELLE;LONGUEUIL;J2S3D2;514-894-1075;450-894-2075;514-894-3075
MESSIER;MARC;145 GAUVIN;LAVAL;G4H3H2;514-894-1076;450-894-2076;514-894-3076
NANTEL;ALAIN;256 LAFLEUR;VAUDREUIL;J5J8G4;514-894-1077;450-894-2077;514-894-3077
OUELLET;MARTIN;4589 ST-MARTIN;LAVAL;H1M50P;514-894-1078;450-894-2078;514-894-3078
POITRAS;SIMONE;987 SHERBROOKE;MONTREAL;H1S6J8;514-894-1079;450-894-2079;514-894-3079
